article,color,brand,category,title,images,price
FL-FC086b,Синий,Fei Lun,Игрушка,Багги микро р/у 2.4GHz 1:32 Fei Lun High Speed скоростная (синий),FL-FC086b,100
FL-FC086g,Зеленый,Fei Lun,Игрушка,Багги микро р/у 2.4GHz 1:32 Fei Lun High Speed скоростная (зеленый),FL-FC086g,100
FL-FC086o,Оранжевый,Fei Lun,Игрушка,Багги микро р/у 2.4GHz 1:32 Fei Lun High Speed скоростная (оранжевый),FL-FC086o,100
GWT2008D-1,Красный,Great Wall Toys,Игрушка,Джип микро р/у 1:43 Hummer (красный),GWT2008D-1,100
GWT2008D-2,Серый,Great Wall Toys,Игрушка,Джип микро р/у 1:43 Hummer (серый),GWT2008D-2,100
GWT2008D-3,Хаки белый,Great Wall Toys,Игрушка,Джип микро р/у 1:43 Hummer (хаки белый),GWT2008D-3,100
GWT2008D-4,Белый,Great Wall Toys,Игрушка,Джип микро р/у 1:43 Hummer (белый),GWT2008D-4,100
GWT2008D-5,Черный,Great Wall Toys,Игрушка,Джип микро р/у 1:43 Hummer (черный),GWT2008D-5,100
GWT2008D-6,Синий,Great Wall Toys,Игрушка,Джип микро р/у 1:43 Hummer (синий),GWT2008D-6,100
GWT2008D-7,Жёлтый,Great Wall Toys,Игрушка,Джип микро р/у 1:43 Hummer (желтый),GWT2008D-7,100
GWT2008D-8,Хаки зеленый,Great Wall Toys,Игрушка,Джип микро р/у 1:43 Hummer (хаки зеленый),GWT2008D-8,100
SQW8004-370Zb,Синий,ShenQiWei,Игрушка,Машинка микро р/у 1:43 лиценз. Nissan 370Z (синий),SQW8004-370Z,100
SQW8004-370Zw,Белый,ShenQiWei,Игрушка,Машинка микро р/у 1:43 лиценз. Nissan 370Z (белый),SQW8004-370Z,100
SQW8004-FJb,Синий,ShenQiWei,Игрушка,Машинка микро р/у 1:43 лиценз. Toyota FJ (синий),SQW8004-FJ,100
SQW8004-Fjy,Жёлтый,ShenQiWei,Игрушка,Машинка микро р/у 1:43 лиценз. Toyota FJ (желтый),SQW8004-FJ,100
SQW8004-GT500g,Серый,ShenQiWei,Игрушка,Машинка микро р/у 1:43 лиценз. Ford GT500 (серый),SQW8004-GT500,100
SQW8004-GT500r,Красный,ShenQiWei,Игрушка,Машинка микро р/у 1:43 лиценз. Ford GT500 (красный),SQW8004-GT500,100
SQW8004-GTg,Серый,ShenQiWei,Игрушка,Машинка микро р/у 1:43 лиценз. Nissan GT-R (серый),SQW8004-GT,100
SQW8004-GTr,Красный,ShenQiWei,Игрушка,Машинка микро р/у 1:43 лиценз. Nissan GT-R (красный),SQW8004-GT,100
SQW8004-H2r,Красный,ShenQiWei,Игрушка,Машинка микро р/у 1:43 лиценз. Hummer H2 (красный),SQW8004-H2,100
SQW8004-H2y,Жёлтый,ShenQiWei,Игрушка,Машинка микро р/у 1:43 лиценз. Hummer H2 (желтый),SQW8004-H2,100
SQW8004-LP560o,Оранжевый,ShenQiWei,Игрушка,Машинка микро р/у 1:43 лиценз. Lamborghini LP560 (оранжевый),SQW8004-LP560,100
SQW8004-LP560y,Жёлтый,ShenQiWei,Игрушка,Машинка микро р/у 1:43 лиценз. Lamborghini LP560 (желтый),SQW8004-LP560,100
SQW8004-LP670b,Черный,ShenQiWei,Игрушка,Машинка микро р/у 1:43 лиценз. Lamborghini LP670 (черный),SQW8004-LP670,100
SQW8004-LP670y,Оранжевый,ShenQiWei,Игрушка,Машинка микро р/у 1:43 лиценз. Lamborghini LP670 (оранжевый),SQW8004-LP670,100
SQW8004-X6b,Черный,ShenQiWei,Игрушка,Машинка микро р/у 1:43 лиценз. BMW X6 (черный),SQW8004-X6,100
SQW8004-X6w,Белый,ShenQiWei,Игрушка,Машинка микро р/у 1:43 лиценз. BMW X6 (белый),SQW8004-X6,100
WL-2019blk,Черный,WL Toys,Игрушка,Машинка микро р/у 1:32 WL Toys Speed Racing скоростная (черный),WL-2019blk,100
WL-2019blu,Синий,WL Toys,Игрушка,Машинка микро р/у 1:32 WL Toys Speed Racing скоростная (синий),WL-2019blu,100
WL-2019red,Красный,WL Toys,Игрушка,Машинка микро р/у 1:32 WL Toys Speed Racing скоростная (красный),WL-2019red,100
WL-2308b,Сине-зеленый,WL Toys,Игрушка,Машинка микро р/у 1:32 WL Toys 2308 Double-faced двусторонняя (синий),WL-2308b,100
WL-2308r,Красно-желтый,WL Toys,Игрушка,Машинка микро р/у 1:32 WL Toys 2308 Double-faced двусторонняя (красный),WL-2308r,100
